TOMORROW/test/TOMORROW_00002,0
TOMORROW/test/TOMORROW_00003,0
TOMORROW/test/TOMORROW_00004,0
TOMORROW/test/TOMORROW_00005,0
TOMORROW/test/TOMORROW_00006,0
TOMORROW/test/TOMORROW_00007,0
TOMORROW/test/TOMORROW_00008,0
TOMORROW/test/TOMORROW_00009,0
TOMORROW/test/TOMORROW_00010,0
TOMORROW/test/TOMORROW_00011,0
TOMORROW/test/TOMORROW_00012,0
TOMORROW/test/TOMORROW_00013,0
TOMORROW/test/TOMORROW_00014,0
TOMORROW/test/TOMORROW_00015,0
TOMORROW/test/TOMORROW_00016,0
TOMORROW/test/TOMORROW_00017,0
TOMORROW/test/TOMORROW_00018,0
TOMORROW/test/TOMORROW_00019,0
TOMORROW/test/TOMORROW_00020,0
TOMORROW/test/TOMORROW_00021,0
TOMORROW/test/TOMORROW_00022,0
TOMORROW/test/TOMORROW_00023,0
TOMORROW/test/TOMORROW_00024,0
TOMORROW/test/TOMORROW_00025,0
TOMORROW/test/TOMORROW_00026,0
TOMORROW/test/TOMORROW_00027,0
TOMORROW/test/TOMORROW_00028,0
TOMORROW/test/TOMORROW_00029,0
TOMORROW/test/TOMORROW_00030,0
TOMORROW/test/TOMORROW_00031,0
TOMORROW/test/TOMORROW_00032,0
TOMORROW/test/TOMORROW_00033,0
TOMORROW/test/TOMORROW_00034,0
TOMORROW/test/TOMORROW_00035,0
TOMORROW/test/TOMORROW_00036,0
TOMORROW/test/TOMORROW_00037,0
TOMORROW/test/TOMORROW_00038,0
TOMORROW/test/TOMORROW_00039,0
TOMORROW/test/TOMORROW_00040,0
TOMORROW/test/TOMORROW_00041,0
TOMORROW/test/TOMORROW_00042,0
TOMORROW/test/TOMORROW_00043,0
TOMORROW/test/TOMORROW_00044,0
TOMORROW/test/TOMORROW_00045,0
TOMORROW/test/TOMORROW_00046,0
TOMORROW/test/TOMORROW_00047,0
TOMORROW/test/TOMORROW_00048,0
TOMORROW/test/TOMORROW_00049,0
TOMORROW/test/TOMORROW_00050,0
TOMORROW/train/TOMORROW_00001,0
TOMORROW/train/TOMORROW_00002,0
TOMORROW/train/TOMORROW_00003,0
TOMORROW/train/TOMORROW_00004,0
TOMORROW/train/TOMORROW_00005,0
TOMORROW/train/TOMORROW_00006,0
TOMORROW/train/TOMORROW_00007,0
TOMORROW/train/TOMORROW_00008,0
TOMORROW/train/TOMORROW_00009,0
TOMORROW/train/TOMORROW_00010,0
TOMORROW/train/TOMORROW_00011,0
TOMORROW/train/TOMORROW_00012,0
TOMORROW/train/TOMORROW_00013,0
TOMORROW/train/TOMORROW_00014,0
TOMORROW/train/TOMORROW_00015,0
TOMORROW/train/TOMORROW_00016,0
TOMORROW/train/TOMORROW_00017,0
TOMORROW/train/TOMORROW_00018,0
TOMORROW/train/TOMORROW_00019,0
TOMORROW/train/TOMORROW_00020,0
TOMORROW/train/TOMORROW_00021,0
TOMORROW/train/TOMORROW_00022,0
TOMORROW/train/TOMORROW_00023,0
TOMORROW/train/TOMORROW_00024,0
TOMORROW/train/TOMORROW_00025,0
TOMORROW/train/TOMORROW_00026,0
TOMORROW/train/TOMORROW_00027,0
TOMORROW/train/TOMORROW_00028,0
TOMORROW/train/TOMORROW_00029,0
TOMORROW/train/TOMORROW_00030,0
TOMORROW/train/TOMORROW_00031,0
TOMORROW/train/TOMORROW_00032,0
TOMORROW/train/TOMORROW_00033,0
TOMORROW/train/TOMORROW_00034,0
TOMORROW/train/TOMORROW_00035,0
TOMORROW/train/TOMORROW_00036,0
TOMORROW/train/TOMORROW_00037,0
TOMORROW/train/TOMORROW_00038,0
TOMORROW/train/TOMORROW_00039,0
TOMORROW/train/TOMORROW_00040,0
TOMORROW/train/TOMORROW_00041,0
TOMORROW/train/TOMORROW_00042,0
TOMORROW/train/TOMORROW_00043,0
TOMORROW/train/TOMORROW_00044,0
TOMORROW/train/TOMORROW_00045,0
TOMORROW/train/TOMORROW_00046,0
TOMORROW/train/TOMORROW_00047,0
TOMORROW/train/TOMORROW_00048,0
TOMORROW/train/TOMORROW_00049,0
TOMORROW/train/TOMORROW_00050,0
TOMORROW/train/TOMORROW_00051,0
TOMORROW/train/TOMORROW_00052,0
TOMORROW/train/TOMORROW_00053,0
TOMORROW/train/TOMORROW_00054,0
TOMORROW/train/TOMORROW_00055,0
TOMORROW/train/TOMORROW_00056,0
TOMORROW/train/TOMORROW_00057,0
TOMORROW/train/TOMORROW_00058,0
TOMORROW/train/TOMORROW_00059,0
TOMORROW/train/TOMORROW_00060,0
TOMORROW/train/TOMORROW_00061,0
TOMORROW/train/TOMORROW_00062,0
TOMORROW/train/TOMORROW_00063,0
TOMORROW/train/TOMORROW_00064,0
TOMORROW/train/TOMORROW_00065,0
TOMORROW/train/TOMORROW_00066,0
TOMORROW/train/TOMORROW_00067,0
TOMORROW/train/TOMORROW_00068,0
TOMORROW/train/TOMORROW_00069,0
TOMORROW/train/TOMORROW_00070,0
TOMORROW/train/TOMORROW_00071,0
TOMORROW/train/TOMORROW_00072,0
TOMORROW/train/TOMORROW_00073,0
TOMORROW/train/TOMORROW_00074,0
TOMORROW/train/TOMORROW_00075,0
TOMORROW/train/TOMORROW_00076,0
TOMORROW/train/TOMORROW_00077,0
TOMORROW/train/TOMORROW_00078,0
TOMORROW/train/TOMORROW_00079,0
TOMORROW/train/TOMORROW_00080,0
TOMORROW/train/TOMORROW_00081,0
TOMORROW/train/TOMORROW_00082,0
TOMORROW/train/TOMORROW_00083,0
TOMORROW/train/TOMORROW_00084,0
TOMORROW/train/TOMORROW_00085,0
TOMORROW/train/TOMORROW_00086,0
TOMORROW/train/TOMORROW_00087,0
TOMORROW/train/TOMORROW_00088,0
TOMORROW/train/TOMORROW_00089,0
TOMORROW/train/TOMORROW_00090,0
TOMORROW/train/TOMORROW_00091,0
TOMORROW/train/TOMORROW_00092,0
TOMORROW/train/TOMORROW_00093,0
TOMORROW/train/TOMORROW_00094,0
TOMORROW/train/TOMORROW_00095,0
TOMORROW/train/TOMORROW_00096,0
TOMORROW/train/TOMORROW_00097,0
TOMORROW/train/TOMORROW_00098,0
TOMORROW/train/TOMORROW_00099,0
TOMORROW/train/TOMORROW_00100,0
TOMORROW/train/TOMORROW_00101,0
TOMORROW/train/TOMORROW_00102,0
TOMORROW/train/TOMORROW_00103,0
TOMORROW/train/TOMORROW_00104,0
TOMORROW/train/TOMORROW_00105,0
TOMORROW/train/TOMORROW_00106,0
TOMORROW/train/TOMORROW_00107,0
TOMORROW/train/TOMORROW_00108,0
TOMORROW/train/TOMORROW_00109,0
TOMORROW/train/TOMORROW_00110,0
TOMORROW/train/TOMORROW_00111,0
TOMORROW/train/TOMORROW_00112,0
TOMORROW/train/TOMORROW_00113,0
TOMORROW/train/TOMORROW_00114,0
TOMORROW/train/TOMORROW_00115,0
TOMORROW/train/TOMORROW_00116,0
TOMORROW/train/TOMORROW_00117,0
TOMORROW/train/TOMORROW_00118,0
TOMORROW/train/TOMORROW_00119,0
TOMORROW/train/TOMORROW_00120,0
TOMORROW/train/TOMORROW_00121,0
TOMORROW/train/TOMORROW_00122,0
TOMORROW/train/TOMORROW_00123,0
TOMORROW/train/TOMORROW_00124,0
TOMORROW/train/TOMORROW_00125,0
TOMORROW/train/TOMORROW_00126,0
TOMORROW/train/TOMORROW_00127,0
TOMORROW/train/TOMORROW_00128,0
TOMORROW/train/TOMORROW_00129,0
TOMORROW/train/TOMORROW_00130,0
TOMORROW/train/TOMORROW_00131,0
TOMORROW/train/TOMORROW_00132,0
TOMORROW/train/TOMORROW_00133,0
TOMORROW/train/TOMORROW_00134,0
TOMORROW/train/TOMORROW_00135,0
TOMORROW/train/TOMORROW_00136,0
TOMORROW/train/TOMORROW_00137,0
TOMORROW/train/TOMORROW_00138,0
TOMORROW/train/TOMORROW_00139,0
TOMORROW/train/TOMORROW_00140,0
TOMORROW/train/TOMORROW_00141,0
TOMORROW/train/TOMORROW_00142,0
TOMORROW/train/TOMORROW_00143,0
TOMORROW/train/TOMORROW_00144,0
TOMORROW/train/TOMORROW_00145,0
TOMORROW/train/TOMORROW_00146,0
TOMORROW/train/TOMORROW_00147,0
TOMORROW/train/TOMORROW_00148,0
TOMORROW/train/TOMORROW_00149,0
TOMORROW/train/TOMORROW_00150,0
TOMORROW/train/TOMORROW_00151,0
TOMORROW/train/TOMORROW_00152,0
TOMORROW/train/TOMORROW_00153,0
TOMORROW/train/TOMORROW_00154,0
TOMORROW/train/TOMORROW_00155,0
TOMORROW/train/TOMORROW_00156,0
TOMORROW/train/TOMORROW_00157,0
TOMORROW/train/TOMORROW_00158,0
TOMORROW/train/TOMORROW_00159,0
TOMORROW/train/TOMORROW_00160,0
TOMORROW/train/TOMORROW_00161,0
TOMORROW/train/TOMORROW_00162,0
TOMORROW/train/TOMORROW_00163,0
TOMORROW/train/TOMORROW_00164,0
TOMORROW/train/TOMORROW_00165,0
TOMORROW/train/TOMORROW_00166,0
TOMORROW/train/TOMORROW_00167,0
TOMORROW/train/TOMORROW_00168,0
TOMORROW/train/TOMORROW_00169,0
TOMORROW/train/TOMORROW_00170,0
TOMORROW/train/TOMORROW_00171,0
TOMORROW/train/TOMORROW_00172,0
TOMORROW/train/TOMORROW_00173,0
TOMORROW/train/TOMORROW_00174,0
TOMORROW/train/TOMORROW_00175,0
TOMORROW/train/TOMORROW_00176,0
TOMORROW/train/TOMORROW_00177,0
TOMORROW/train/TOMORROW_00178,0
TOMORROW/train/TOMORROW_00179,0
TOMORROW/train/TOMORROW_00180,0
TOMORROW/train/TOMORROW_00181,0
TOMORROW/train/TOMORROW_00182,0
TOMORROW/train/TOMORROW_00183,0
TOMORROW/train/TOMORROW_00184,0
TOMORROW/train/TOMORROW_00185,0
TOMORROW/train/TOMORROW_00186,0
TOMORROW/train/TOMORROW_00187,0
TOMORROW/train/TOMORROW_00188,0
TOMORROW/train/TOMORROW_00189,0
TOMORROW/train/TOMORROW_00190,0
TOMORROW/train/TOMORROW_00191,0
TOMORROW/train/TOMORROW_00192,0
TOMORROW/train/TOMORROW_00193,0
TOMORROW/train/TOMORROW_00194,0
TOMORROW/train/TOMORROW_00195,0
TOMORROW/train/TOMORROW_00196,0
TOMORROW/train/TOMORROW_00197,0
TOMORROW/train/TOMORROW_00198,0
TOMORROW/train/TOMORROW_00199,0
TOMORROW/train/TOMORROW_00200,0
TOMORROW/train/TOMORROW_00201,0
TOMORROW/train/TOMORROW_00202,0
TOMORROW/train/TOMORROW_00203,0
TOMORROW/train/TOMORROW_00204,0
TOMORROW/train/TOMORROW_00205,0
TOMORROW/train/TOMORROW_00206,0
TOMORROW/train/TOMORROW_00207,0
TOMORROW/train/TOMORROW_00208,0
TOMORROW/train/TOMORROW_00209,0
TOMORROW/train/TOMORROW_00210,0
TOMORROW/train/TOMORROW_00211,0
TOMORROW/train/TOMORROW_00212,0
TOMORROW/train/TOMORROW_00213,0
TOMORROW/train/TOMORROW_00214,0
TOMORROW/train/TOMORROW_00215,0
TOMORROW/train/TOMORROW_00216,0
TOMORROW/train/TOMORROW_00217,0
TOMORROW/train/TOMORROW_00218,0
TOMORROW/train/TOMORROW_00219,0
TOMORROW/train/TOMORROW_00220,0
TOMORROW/train/TOMORROW_00221,0
TOMORROW/train/TOMORROW_00222,0
TOMORROW/train/TOMORROW_00223,0
TOMORROW/train/TOMORROW_00224,0
TOMORROW/train/TOMORROW_00225,0
TOMORROW/train/TOMORROW_00226,0
TOMORROW/train/TOMORROW_00227,0
TOMORROW/train/TOMORROW_00228,0
TOMORROW/train/TOMORROW_00229,0
TOMORROW/train/TOMORROW_00230,0
TOMORROW/train/TOMORROW_00231,0
TOMORROW/train/TOMORROW_00232,0
TOMORROW/train/TOMORROW_00233,0
TOMORROW/train/TOMORROW_00234,0
TOMORROW/train/TOMORROW_00235,0
TOMORROW/train/TOMORROW_00236,0
TOMORROW/train/TOMORROW_00237,0
TOMORROW/train/TOMORROW_00238,0
TOMORROW/train/TOMORROW_00239,0
TOMORROW/train/TOMORROW_00240,0
TOMORROW/train/TOMORROW_00241,0
TOMORROW/train/TOMORROW_00242,0
TOMORROW/train/TOMORROW_00243,0
TOMORROW/train/TOMORROW_00244,0
TOMORROW/train/TOMORROW_00245,0
TOMORROW/train/TOMORROW_00246,0
TOMORROW/train/TOMORROW_00247,0
TOMORROW/train/TOMORROW_00248,0
TOMORROW/train/TOMORROW_00249,0
TOMORROW/train/TOMORROW_00250,0
TOMORROW/train/TOMORROW_00251,0
TOMORROW/train/TOMORROW_00252,0
TOMORROW/train/TOMORROW_00253,0
TOMORROW/train/TOMORROW_00254,0
TOMORROW/train/TOMORROW_00255,0
TOMORROW/train/TOMORROW_00256,0
TOMORROW/train/TOMORROW_00257,0
TOMORROW/train/TOMORROW_00258,0
TOMORROW/train/TOMORROW_00259,0
TOMORROW/train/TOMORROW_00260,0
TOMORROW/train/TOMORROW_00261,0
TOMORROW/train/TOMORROW_00262,0
TOMORROW/train/TOMORROW_00263,0
TOMORROW/train/TOMORROW_00264,0
TOMORROW/train/TOMORROW_00265,0
TOMORROW/train/TOMORROW_00266,0
TOMORROW/train/TOMORROW_00267,0
TOMORROW/train/TOMORROW_00268,0
TOMORROW/train/TOMORROW_00269,0
TOMORROW/train/TOMORROW_00270,0
TOMORROW/train/TOMORROW_00271,0
TOMORROW/train/TOMORROW_00272,0
TOMORROW/train/TOMORROW_00273,0
TOMORROW/train/TOMORROW_00274,0
TOMORROW/train/TOMORROW_00275,0
TOMORROW/train/TOMORROW_00276,0
TOMORROW/train/TOMORROW_00277,0
TOMORROW/train/TOMORROW_00278,0
TOMORROW/train/TOMORROW_00279,0
TOMORROW/train/TOMORROW_00280,0
TOMORROW/train/TOMORROW_00281,0
TOMORROW/train/TOMORROW_00282,0
TOMORROW/train/TOMORROW_00283,0
TOMORROW/train/TOMORROW_00284,0
TOMORROW/train/TOMORROW_00285,0
TOMORROW/train/TOMORROW_00286,0
TOMORROW/train/TOMORROW_00287,0
TOMORROW/train/TOMORROW_00288,0
TOMORROW/train/TOMORROW_00289,0
TOMORROW/train/TOMORROW_00290,0
TOMORROW/train/TOMORROW_00291,0
TOMORROW/train/TOMORROW_00292,0
TOMORROW/train/TOMORROW_00293,0
TOMORROW/train/TOMORROW_00294,0
TOMORROW/train/TOMORROW_00295,0
TOMORROW/train/TOMORROW_00296,0
TOMORROW/train/TOMORROW_00297,0
TOMORROW/train/TOMORROW_00298,0
TOMORROW/train/TOMORROW_00299,0
TOMORROW/train/TOMORROW_00300,0
TOMORROW/train/TOMORROW_00301,0
TOMORROW/train/TOMORROW_00302,0
TOMORROW/train/TOMORROW_00303,0
TOMORROW/train/TOMORROW_00304,0
TOMORROW/train/TOMORROW_00305,0
TOMORROW/train/TOMORROW_00306,0
TOMORROW/train/TOMORROW_00307,0
TOMORROW/train/TOMORROW_00308,0
TOMORROW/train/TOMORROW_00309,0
TOMORROW/train/TOMORROW_00310,0
TOMORROW/train/TOMORROW_00311,0
TOMORROW/train/TOMORROW_00312,0
TOMORROW/train/TOMORROW_00313,0
TOMORROW/train/TOMORROW_00314,0
TOMORROW/train/TOMORROW_00315,0
TOMORROW/train/TOMORROW_00316,0
TOMORROW/train/TOMORROW_00317,0
TOMORROW/train/TOMORROW_00318,0
TOMORROW/train/TOMORROW_00319,0
TOMORROW/train/TOMORROW_00320,0
TOMORROW/train/TOMORROW_00321,0
TOMORROW/train/TOMORROW_00322,0
TOMORROW/train/TOMORROW_00323,0
TOMORROW/train/TOMORROW_00324,0
TOMORROW/train/TOMORROW_00325,0
TOMORROW/train/TOMORROW_00326,0
TOMORROW/train/TOMORROW_00327,0
TOMORROW/train/TOMORROW_00328,0
TOMORROW/train/TOMORROW_00329,0
TOMORROW/train/TOMORROW_00330,0
TOMORROW/train/TOMORROW_00331,0
TOMORROW/train/TOMORROW_00332,0
TOMORROW/train/TOMORROW_00333,0
TOMORROW/train/TOMORROW_00334,0
TOMORROW/train/TOMORROW_00335,0
TOMORROW/train/TOMORROW_00336,0
TOMORROW/train/TOMORROW_00337,0
TOMORROW/train/TOMORROW_00338,0
TOMORROW/train/TOMORROW_00339,0
TOMORROW/train/TOMORROW_00340,0
TOMORROW/train/TOMORROW_00341,0
TOMORROW/train/TOMORROW_00342,0
TOMORROW/train/TOMORROW_00343,0
TOMORROW/train/TOMORROW_00344,0
TOMORROW/train/TOMORROW_00345,0
TOMORROW/train/TOMORROW_00346,0
TOMORROW/train/TOMORROW_00347,0
TOMORROW/train/TOMORROW_00348,0
TOMORROW/train/TOMORROW_00349,0
TOMORROW/train/TOMORROW_00350,0
TOMORROW/train/TOMORROW_00351,0
TOMORROW/train/TOMORROW_00352,0
TOMORROW/train/TOMORROW_00353,0
TOMORROW/train/TOMORROW_00354,0
TOMORROW/train/TOMORROW_00355,0
TOMORROW/train/TOMORROW_00356,0
TOMORROW/train/TOMORROW_00357,0
TOMORROW/train/TOMORROW_00358,0
TOMORROW/train/TOMORROW_00359,0
TOMORROW/train/TOMORROW_00360,0
TOMORROW/train/TOMORROW_00361,0
TOMORROW/train/TOMORROW_00362,0
TOMORROW/train/TOMORROW_00363,0
TOMORROW/train/TOMORROW_00364,0
TOMORROW/train/TOMORROW_00365,0
TOMORROW/train/TOMORROW_00366,0
TOMORROW/train/TOMORROW_00367,0
TOMORROW/train/TOMORROW_00368,0
TOMORROW/train/TOMORROW_00369,0
TOMORROW/train/TOMORROW_00370,0
TOMORROW/train/TOMORROW_00371,0
TOMORROW/train/TOMORROW_00372,0
TOMORROW/train/TOMORROW_00373,0
TOMORROW/train/TOMORROW_00374,0
TOMORROW/train/TOMORROW_00375,0
TOMORROW/train/TOMORROW_00376,0
TOMORROW/train/TOMORROW_00377,0
TOMORROW/train/TOMORROW_00378,0
TOMORROW/train/TOMORROW_00379,0
TOMORROW/train/TOMORROW_00380,0
TOMORROW/train/TOMORROW_00381,0
TOMORROW/train/TOMORROW_00382,0
TOMORROW/train/TOMORROW_00383,0
TOMORROW/train/TOMORROW_00384,0
TOMORROW/train/TOMORROW_00385,0
TOMORROW/train/TOMORROW_00386,0
TOMORROW/train/TOMORROW_00387,0
TOMORROW/train/TOMORROW_00388,0
TOMORROW/train/TOMORROW_00389,0
TOMORROW/train/TOMORROW_00390,0
TOMORROW/train/TOMORROW_00391,0
TOMORROW/train/TOMORROW_00392,0
TOMORROW/train/TOMORROW_00393,0
TOMORROW/train/TOMORROW_00394,0
TOMORROW/train/TOMORROW_00395,0
TOMORROW/train/TOMORROW_00396,0
TOMORROW/train/TOMORROW_00397,0
TOMORROW/train/TOMORROW_00398,0
TOMORROW/train/TOMORROW_00399,0
TOMORROW/train/TOMORROW_00400,0
TOMORROW/train/TOMORROW_00401,0
TOMORROW/train/TOMORROW_00402,0
TOMORROW/train/TOMORROW_00403,0
TOMORROW/train/TOMORROW_00404,0
TOMORROW/train/TOMORROW_00405,0
TOMORROW/train/TOMORROW_00406,0
TOMORROW/train/TOMORROW_00407,0
TOMORROW/train/TOMORROW_00408,0
TOMORROW/train/TOMORROW_00409,0
TOMORROW/train/TOMORROW_00410,0
TOMORROW/train/TOMORROW_00411,0
TOMORROW/train/TOMORROW_00412,0
TOMORROW/train/TOMORROW_00413,0
TOMORROW/train/TOMORROW_00414,0
TOMORROW/train/TOMORROW_00415,0
TOMORROW/train/TOMORROW_00416,0
TOMORROW/train/TOMORROW_00417,0
TOMORROW/train/TOMORROW_00418,0
TOMORROW/train/TOMORROW_00419,0
TOMORROW/train/TOMORROW_00420,0
TOMORROW/train/TOMORROW_00421,0
TOMORROW/train/TOMORROW_00422,0
TOMORROW/train/TOMORROW_00423,0
TOMORROW/train/TOMORROW_00424,0
TOMORROW/train/TOMORROW_00425,0
TOMORROW/train/TOMORROW_00426,0
TOMORROW/train/TOMORROW_00427,0
TOMORROW/train/TOMORROW_00428,0
TOMORROW/train/TOMORROW_00429,0
TOMORROW/train/TOMORROW_00430,0
TOMORROW/train/TOMORROW_00431,0
TOMORROW/train/TOMORROW_00432,0
TOMORROW/train/TOMORROW_00433,0
TOMORROW/train/TOMORROW_00434,0
TOMORROW/train/TOMORROW_00435,0
TOMORROW/train/TOMORROW_00436,0
TOMORROW/train/TOMORROW_00437,0
TOMORROW/train/TOMORROW_00438,0
TOMORROW/train/TOMORROW_00439,0
TOMORROW/train/TOMORROW_00440,0
TOMORROW/train/TOMORROW_00441,0
TOMORROW/train/TOMORROW_00442,0
TOMORROW/train/TOMORROW_00443,0
TOMORROW/train/TOMORROW_00444,0
TOMORROW/train/TOMORROW_00445,0
TOMORROW/train/TOMORROW_00446,0
TOMORROW/train/TOMORROW_00447,0
TOMORROW/train/TOMORROW_00448,0
TOMORROW/train/TOMORROW_00449,0
TOMORROW/train/TOMORROW_00450,0
TOMORROW/train/TOMORROW_00451,0
TOMORROW/train/TOMORROW_00452,0
TOMORROW/train/TOMORROW_00453,0
TOMORROW/train/TOMORROW_00454,0
TOMORROW/train/TOMORROW_00455,0
TOMORROW/train/TOMORROW_00456,0
TOMORROW/train/TOMORROW_00457,0
TOMORROW/train/TOMORROW_00458,0
TOMORROW/train/TOMORROW_00459,0
TOMORROW/train/TOMORROW_00460,0
TOMORROW/train/TOMORROW_00461,0
TOMORROW/train/TOMORROW_00462,0
TOMORROW/train/TOMORROW_00463,0
TOMORROW/train/TOMORROW_00464,0
TOMORROW/train/TOMORROW_00465,0
TOMORROW/train/TOMORROW_00466,0
TOMORROW/train/TOMORROW_00467,0
TOMORROW/train/TOMORROW_00468,0
TOMORROW/train/TOMORROW_00469,0
TOMORROW/train/TOMORROW_00470,0
TOMORROW/train/TOMORROW_00471,0
TOMORROW/train/TOMORROW_00472,0
TOMORROW/train/TOMORROW_00473,0
TOMORROW/train/TOMORROW_00474,0
TOMORROW/train/TOMORROW_00475,0
TOMORROW/train/TOMORROW_00476,0
TOMORROW/train/TOMORROW_00477,0
TOMORROW/train/TOMORROW_00478,0
TOMORROW/train/TOMORROW_00479,0
TOMORROW/train/TOMORROW_00480,0
TOMORROW/train/TOMORROW_00481,0
TOMORROW/train/TOMORROW_00482,0
TOMORROW/train/TOMORROW_00483,0
TOMORROW/train/TOMORROW_00484,0
TOMORROW/train/TOMORROW_00485,0
TOMORROW/train/TOMORROW_00486,0
TOMORROW/train/TOMORROW_00487,0
TOMORROW/train/TOMORROW_00488,0
TOMORROW/train/TOMORROW_00489,0
TOMORROW/train/TOMORROW_00490,0
TOMORROW/train/TOMORROW_00491,0
TOMORROW/train/TOMORROW_00492,0
TOMORROW/train/TOMORROW_00493,0
TOMORROW/train/TOMORROW_00494,0
TOMORROW/train/TOMORROW_00495,0
TOMORROW/train/TOMORROW_00496,0
TOMORROW/train/TOMORROW_00497,0
TOMORROW/train/TOMORROW_00498,0
TOMORROW/train/TOMORROW_00499,0
TOMORROW/train/TOMORROW_00500,0
TOMORROW/train/TOMORROW_00501,0
TOMORROW/train/TOMORROW_00502,0
TOMORROW/train/TOMORROW_00503,0
TOMORROW/train/TOMORROW_00504,0
TOMORROW/train/TOMORROW_00505,0
TOMORROW/train/TOMORROW_00506,0
TOMORROW/train/TOMORROW_00507,0
TOMORROW/train/TOMORROW_00508,0
TOMORROW/train/TOMORROW_00509,0
TOMORROW/train/TOMORROW_00510,0
TOMORROW/train/TOMORROW_00511,0
TOMORROW/train/TOMORROW_00512,0
TOMORROW/train/TOMORROW_00513,0
TOMORROW/train/TOMORROW_00514,0
TOMORROW/train/TOMORROW_00515,0
TOMORROW/train/TOMORROW_00516,0
TOMORROW/train/TOMORROW_00517,0
TOMORROW/train/TOMORROW_00518,0
TOMORROW/train/TOMORROW_00519,0
TOMORROW/train/TOMORROW_00520,0
TOMORROW/train/TOMORROW_00521,0
TOMORROW/train/TOMORROW_00522,0
TOMORROW/train/TOMORROW_00523,0
TOMORROW/train/TOMORROW_00524,0
TOMORROW/train/TOMORROW_00525,0
TOMORROW/train/TOMORROW_00526,0
TOMORROW/train/TOMORROW_00527,0
TOMORROW/train/TOMORROW_00528,0
TOMORROW/train/TOMORROW_00529,0
TOMORROW/train/TOMORROW_00530,0
TOMORROW/train/TOMORROW_00531,0
TOMORROW/train/TOMORROW_00532,0
TOMORROW/train/TOMORROW_00533,0
TOMORROW/train/TOMORROW_00534,0
TOMORROW/train/TOMORROW_00535,0
TOMORROW/train/TOMORROW_00536,0
TOMORROW/train/TOMORROW_00537,0
TOMORROW/train/TOMORROW_00538,0
TOMORROW/train/TOMORROW_00539,0
TOMORROW/train/TOMORROW_00540,0
TOMORROW/train/TOMORROW_00541,0
TOMORROW/train/TOMORROW_00542,0
TOMORROW/train/TOMORROW_00543,0
TOMORROW/train/TOMORROW_00544,0
TOMORROW/train/TOMORROW_00545,0
TOMORROW/train/TOMORROW_00546,0
TOMORROW/train/TOMORROW_00547,0
TOMORROW/train/TOMORROW_00548,0
TOMORROW/train/TOMORROW_00549,0
TOMORROW/train/TOMORROW_00550,0
TOMORROW/train/TOMORROW_00551,0
TOMORROW/train/TOMORROW_00552,0
TOMORROW/train/TOMORROW_00553,0
TOMORROW/train/TOMORROW_00554,0
TOMORROW/train/TOMORROW_00555,0
TOMORROW/train/TOMORROW_00556,0
TOMORROW/train/TOMORROW_00557,0
TOMORROW/train/TOMORROW_00558,0
TOMORROW/train/TOMORROW_00559,0
TOMORROW/train/TOMORROW_00560,0
TOMORROW/train/TOMORROW_00561,0
TOMORROW/train/TOMORROW_00562,0
TOMORROW/train/TOMORROW_00563,0
TOMORROW/train/TOMORROW_00564,0
TOMORROW/train/TOMORROW_00565,0
TOMORROW/train/TOMORROW_00566,0
TOMORROW/train/TOMORROW_00567,0
TOMORROW/train/TOMORROW_00568,0
TOMORROW/train/TOMORROW_00569,0
TOMORROW/train/TOMORROW_00570,0
TOMORROW/train/TOMORROW_00571,0
TOMORROW/train/TOMORROW_00572,0
TOMORROW/train/TOMORROW_00573,0
TOMORROW/train/TOMORROW_00574,0
TOMORROW/train/TOMORROW_00575,0
TOMORROW/train/TOMORROW_00576,0
TOMORROW/train/TOMORROW_00577,0
TOMORROW/train/TOMORROW_00578,0
TOMORROW/train/TOMORROW_00579,0
TOMORROW/train/TOMORROW_00580,0
TOMORROW/train/TOMORROW_00581,0
TOMORROW/train/TOMORROW_00582,0
TOMORROW/train/TOMORROW_00583,0
TOMORROW/train/TOMORROW_00584,0
TOMORROW/train/TOMORROW_00585,0
TOMORROW/train/TOMORROW_00586,0
TOMORROW/train/TOMORROW_00587,0
TOMORROW/train/TOMORROW_00588,0
TOMORROW/train/TOMORROW_00589,0
TOMORROW/train/TOMORROW_00590,0
TOMORROW/train/TOMORROW_00591,0
TOMORROW/train/TOMORROW_00592,0
TOMORROW/train/TOMORROW_00593,0
TOMORROW/train/TOMORROW_00594,0
TOMORROW/train/TOMORROW_00595,0
TOMORROW/train/TOMORROW_00596,0
TOMORROW/train/TOMORROW_00597,0
TOMORROW/train/TOMORROW_00598,0
TOMORROW/train/TOMORROW_00599,0
TOMORROW/train/TOMORROW_00600,0
TOMORROW/train/TOMORROW_00601,0
TOMORROW/train/TOMORROW_00602,0
TOMORROW/train/TOMORROW_00603,0
TOMORROW/train/TOMORROW_00604,0
TOMORROW/train/TOMORROW_00605,0
TOMORROW/train/TOMORROW_00606,0
TOMORROW/train/TOMORROW_00607,0
TOMORROW/train/TOMORROW_00608,0
TOMORROW/train/TOMORROW_00609,0
TOMORROW/train/TOMORROW_00610,0
TOMORROW/train/TOMORROW_00611,0
TOMORROW/train/TOMORROW_00612,0
TOMORROW/train/TOMORROW_00613,0
TOMORROW/train/TOMORROW_00614,0
TOMORROW/train/TOMORROW_00615,0
TOMORROW/train/TOMORROW_00616,0
TOMORROW/train/TOMORROW_00617,0
TOMORROW/train/TOMORROW_00618,0
TOMORROW/train/TOMORROW_00619,0
TOMORROW/train/TOMORROW_00620,0
TOMORROW/train/TOMORROW_00621,0
TOMORROW/train/TOMORROW_00622,0
TOMORROW/train/TOMORROW_00623,0
TOMORROW/train/TOMORROW_00624,0
TOMORROW/train/TOMORROW_00625,0
TOMORROW/train/TOMORROW_00626,0
TOMORROW/train/TOMORROW_00627,0
TOMORROW/train/TOMORROW_00628,0
TOMORROW/train/TOMORROW_00629,0
TOMORROW/train/TOMORROW_00630,0
TOMORROW/train/TOMORROW_00631,0
TOMORROW/train/TOMORROW_00632,0
TOMORROW/train/TOMORROW_00633,0
TOMORROW/train/TOMORROW_00634,0
TOMORROW/train/TOMORROW_00635,0
TOMORROW/train/TOMORROW_00636,0
TOMORROW/train/TOMORROW_00637,0
TOMORROW/train/TOMORROW_00638,0
TOMORROW/train/TOMORROW_00639,0
TOMORROW/train/TOMORROW_00640,0
TOMORROW/train/TOMORROW_00641,0
TOMORROW/train/TOMORROW_00642,0
TOMORROW/train/TOMORROW_00643,0
TOMORROW/train/TOMORROW_00644,0
TOMORROW/train/TOMORROW_00645,0
TOMORROW/train/TOMORROW_00646,0
TOMORROW/train/TOMORROW_00647,0
TOMORROW/train/TOMORROW_00648,0
TOMORROW/train/TOMORROW_00649,0
TOMORROW/train/TOMORROW_00650,0
TOMORROW/train/TOMORROW_00651,0
TOMORROW/train/TOMORROW_00652,0
TOMORROW/train/TOMORROW_00653,0
TOMORROW/train/TOMORROW_00654,0
TOMORROW/train/TOMORROW_00655,0
TOMORROW/train/TOMORROW_00656,0
TOMORROW/train/TOMORROW_00657,0
TOMORROW/train/TOMORROW_00658,0
TOMORROW/train/TOMORROW_00659,0
TOMORROW/train/TOMORROW_00660,0
TOMORROW/train/TOMORROW_00661,0
TOMORROW/train/TOMORROW_00662,0
TOMORROW/train/TOMORROW_00663,0
TOMORROW/train/TOMORROW_00664,0
TOMORROW/train/TOMORROW_00665,0
TOMORROW/train/TOMORROW_00666,0
TOMORROW/train/TOMORROW_00667,0
TOMORROW/train/TOMORROW_00668,0
TOMORROW/train/TOMORROW_00669,0
TOMORROW/train/TOMORROW_00670,0
TOMORROW/train/TOMORROW_00671,0
TOMORROW/train/TOMORROW_00672,0
TOMORROW/train/TOMORROW_00673,0
TOMORROW/train/TOMORROW_00674,0
TOMORROW/train/TOMORROW_00675,0
TOMORROW/train/TOMORROW_00676,0
TOMORROW/train/TOMORROW_00677,0
TOMORROW/train/TOMORROW_00678,0
TOMORROW/train/TOMORROW_00679,0
TOMORROW/train/TOMORROW_00680,0
TOMORROW/train/TOMORROW_00681,0
TOMORROW/train/TOMORROW_00682,0
TOMORROW/train/TOMORROW_00683,0
TOMORROW/train/TOMORROW_00684,0
TOMORROW/train/TOMORROW_00685,0
TOMORROW/train/TOMORROW_00686,0
TOMORROW/train/TOMORROW_00687,0
TOMORROW/train/TOMORROW_00688,0
TOMORROW/train/TOMORROW_00689,0
TOMORROW/train/TOMORROW_00690,0
TOMORROW/train/TOMORROW_00691,0
TOMORROW/train/TOMORROW_00692,0
TOMORROW/train/TOMORROW_00693,0
TOMORROW/train/TOMORROW_00694,0
TOMORROW/train/TOMORROW_00695,0
TOMORROW/train/TOMORROW_00696,0
TOMORROW/train/TOMORROW_00697,0
TOMORROW/train/TOMORROW_00698,0
TOMORROW/train/TOMORROW_00699,0
TOMORROW/train/TOMORROW_00700,0
TOMORROW/train/TOMORROW_00701,0
TOMORROW/train/TOMORROW_00702,0
TOMORROW/train/TOMORROW_00703,0
TOMORROW/train/TOMORROW_00704,0
TOMORROW/train/TOMORROW_00705,0
TOMORROW/train/TOMORROW_00706,0
TOMORROW/train/TOMORROW_00707,0
TOMORROW/train/TOMORROW_00708,0
TOMORROW/train/TOMORROW_00709,0
TOMORROW/train/TOMORROW_00710,0
TOMORROW/train/TOMORROW_00711,0
TOMORROW/train/TOMORROW_00712,0
TOMORROW/train/TOMORROW_00713,0
TOMORROW/train/TOMORROW_00714,0
TOMORROW/train/TOMORROW_00715,0
TOMORROW/train/TOMORROW_00716,0
TOMORROW/train/TOMORROW_00717,0
TOMORROW/train/TOMORROW_00718,0
TOMORROW/train/TOMORROW_00719,0
TOMORROW/train/TOMORROW_00720,0
TOMORROW/train/TOMORROW_00721,0
TOMORROW/train/TOMORROW_00722,0
TOMORROW/train/TOMORROW_00723,0
TOMORROW/train/TOMORROW_00724,0
TOMORROW/train/TOMORROW_00725,0
TOMORROW/train/TOMORROW_00726,0
TOMORROW/train/TOMORROW_00727,0
TOMORROW/train/TOMORROW_00728,0
TOMORROW/train/TOMORROW_00729,0
TOMORROW/train/TOMORROW_00730,0
TOMORROW/train/TOMORROW_00731,0
TOMORROW/train/TOMORROW_00732,0
TOMORROW/train/TOMORROW_00733,0
TOMORROW/train/TOMORROW_00734,0
TOMORROW/train/TOMORROW_00735,0
TOMORROW/train/TOMORROW_00736,0
TOMORROW/train/TOMORROW_00737,0
TOMORROW/train/TOMORROW_00738,0
TOMORROW/train/TOMORROW_00739,0
TOMORROW/train/TOMORROW_00740,0
TOMORROW/train/TOMORROW_00741,0
TOMORROW/train/TOMORROW_00742,0
TOMORROW/train/TOMORROW_00743,0
TOMORROW/train/TOMORROW_00744,0
TOMORROW/train/TOMORROW_00745,0
TOMORROW/train/TOMORROW_00746,0
TOMORROW/train/TOMORROW_00747,0
TOMORROW/train/TOMORROW_00748,0
TOMORROW/train/TOMORROW_00749,0
TOMORROW/train/TOMORROW_00750,0
TOMORROW/train/TOMORROW_00751,0
TOMORROW/train/TOMORROW_00752,0
TOMORROW/train/TOMORROW_00753,0
TOMORROW/train/TOMORROW_00754,0
TOMORROW/train/TOMORROW_00755,0
TOMORROW/train/TOMORROW_00756,0
TOMORROW/train/TOMORROW_00757,0
TOMORROW/train/TOMORROW_00758,0
TOMORROW/train/TOMORROW_00759,0
TOMORROW/train/TOMORROW_00760,0
TOMORROW/train/TOMORROW_00761,0
TOMORROW/train/TOMORROW_00762,0
TOMORROW/train/TOMORROW_00763,0
TOMORROW/train/TOMORROW_00764,0
TOMORROW/train/TOMORROW_00765,0
TOMORROW/train/TOMORROW_00766,0
TOMORROW/train/TOMORROW_00767,0
TOMORROW/train/TOMORROW_00768,0
TOMORROW/train/TOMORROW_00769,0
TOMORROW/train/TOMORROW_00770,0
TOMORROW/train/TOMORROW_00771,0
TOMORROW/train/TOMORROW_00772,0
TOMORROW/train/TOMORROW_00773,0
TOMORROW/train/TOMORROW_00774,0
TOMORROW/train/TOMORROW_00775,0
TOMORROW/train/TOMORROW_00776,0
TOMORROW/train/TOMORROW_00777,0
TOMORROW/train/TOMORROW_00778,0
TOMORROW/train/TOMORROW_00779,0
TOMORROW/train/TOMORROW_00780,0
TOMORROW/train/TOMORROW_00781,0
TOMORROW/train/TOMORROW_00782,0
TOMORROW/train/TOMORROW_00783,0
TOMORROW/train/TOMORROW_00784,0
TOMORROW/train/TOMORROW_00785,0
TOMORROW/train/TOMORROW_00786,0
TOMORROW/train/TOMORROW_00787,0
TOMORROW/train/TOMORROW_00788,0
TOMORROW/train/TOMORROW_00789,0
TOMORROW/train/TOMORROW_00790,0
TOMORROW/train/TOMORROW_00791,0
TOMORROW/train/TOMORROW_00792,0
TOMORROW/train/TOMORROW_00793,0
TOMORROW/train/TOMORROW_00794,0
TOMORROW/train/TOMORROW_00795,0
TOMORROW/train/TOMORROW_00796,0
TOMORROW/train/TOMORROW_00797,0
TOMORROW/train/TOMORROW_00798,0
TOMORROW/train/TOMORROW_00799,0
TOMORROW/train/TOMORROW_00800,0
TOMORROW/train/TOMORROW_00801,0
TOMORROW/train/TOMORROW_00802,0
TOMORROW/train/TOMORROW_00803,0
TOMORROW/train/TOMORROW_00804,0
TOMORROW/train/TOMORROW_00805,0
TOMORROW/train/TOMORROW_00806,0
TOMORROW/train/TOMORROW_00807,0
TOMORROW/train/TOMORROW_00808,0
TOMORROW/train/TOMORROW_00809,0
TOMORROW/train/TOMORROW_00810,0
TOMORROW/train/TOMORROW_00811,0
TOMORROW/train/TOMORROW_00812,0
TOMORROW/train/TOMORROW_00813,0
TOMORROW/train/TOMORROW_00814,0
TOMORROW/train/TOMORROW_00815,0
TOMORROW/train/TOMORROW_00816,0
TOMORROW/train/TOMORROW_00817,0
TOMORROW/train/TOMORROW_00818,0
TOMORROW/train/TOMORROW_00819,0
TOMORROW/train/TOMORROW_00820,0
TOMORROW/train/TOMORROW_00821,0
TOMORROW/train/TOMORROW_00822,0
TOMORROW/train/TOMORROW_00823,0
TOMORROW/train/TOMORROW_00824,0
TOMORROW/train/TOMORROW_00825,0
TOMORROW/train/TOMORROW_00826,0
TOMORROW/train/TOMORROW_00827,0
TOMORROW/train/TOMORROW_00828,0
TOMORROW/train/TOMORROW_00829,0
TOMORROW/train/TOMORROW_00830,0
TOMORROW/train/TOMORROW_00831,0
TOMORROW/train/TOMORROW_00832,0
TOMORROW/train/TOMORROW_00833,0
TOMORROW/train/TOMORROW_00834,0
TOMORROW/train/TOMORROW_00835,0
TOMORROW/train/TOMORROW_00836,0
TOMORROW/train/TOMORROW_00837,0
TOMORROW/train/TOMORROW_00838,0
TOMORROW/train/TOMORROW_00839,0
TOMORROW/train/TOMORROW_00840,0
TOMORROW/train/TOMORROW_00841,0
TOMORROW/train/TOMORROW_00842,0
TOMORROW/train/TOMORROW_00843,0
TOMORROW/train/TOMORROW_00844,0
TOMORROW/train/TOMORROW_00845,0
TOMORROW/train/TOMORROW_00846,0
TOMORROW/train/TOMORROW_00847,0
TOMORROW/train/TOMORROW_00848,0
TOMORROW/train/TOMORROW_00849,0
TOMORROW/train/TOMORROW_00850,0
TOMORROW/train/TOMORROW_00851,0
TOMORROW/train/TOMORROW_00852,0
TOMORROW/train/TOMORROW_00853,0
TOMORROW/train/TOMORROW_00854,0
TOMORROW/train/TOMORROW_00855,0
TOMORROW/train/TOMORROW_00856,0
TOMORROW/train/TOMORROW_00857,0
TOMORROW/train/TOMORROW_00858,0
TOMORROW/train/TOMORROW_00859,0
TOMORROW/train/TOMORROW_00860,0
TOMORROW/train/TOMORROW_00861,0
TOMORROW/train/TOMORROW_00862,0
TOMORROW/train/TOMORROW_00863,0
TOMORROW/train/TOMORROW_00864,0
TOMORROW/train/TOMORROW_00865,0
TOMORROW/train/TOMORROW_00866,0
TOMORROW/train/TOMORROW_00867,0
TOMORROW/train/TOMORROW_00868,0
TOMORROW/train/TOMORROW_00869,0
TOMORROW/train/TOMORROW_00870,0
TOMORROW/train/TOMORROW_00871,0
TOMORROW/train/TOMORROW_00872,0
TOMORROW/train/TOMORROW_00873,0
TOMORROW/train/TOMORROW_00874,0
TOMORROW/train/TOMORROW_00875,0
TOMORROW/train/TOMORROW_00876,0
TOMORROW/train/TOMORROW_00877,0
TOMORROW/train/TOMORROW_00878,0
TOMORROW/train/TOMORROW_00879,0
TOMORROW/train/TOMORROW_00880,0
TOMORROW/train/TOMORROW_00881,0
TOMORROW/train/TOMORROW_00882,0
TOMORROW/train/TOMORROW_00883,0
TOMORROW/train/TOMORROW_00884,0
TOMORROW/train/TOMORROW_00885,0
TOMORROW/train/TOMORROW_00886,0
TOMORROW/train/TOMORROW_00887,0
TOMORROW/train/TOMORROW_00888,0
TOMORROW/train/TOMORROW_00889,0
TOMORROW/train/TOMORROW_00890,0
TOMORROW/train/TOMORROW_00891,0
TOMORROW/train/TOMORROW_00892,0
TOMORROW/train/TOMORROW_00893,0
TOMORROW/train/TOMORROW_00894,0
TOMORROW/train/TOMORROW_00895,0
TOMORROW/train/TOMORROW_00896,0
TOMORROW/train/TOMORROW_00897,0
TOMORROW/train/TOMORROW_00898,0
TOMORROW/train/TOMORROW_00899,0
TOMORROW/train/TOMORROW_00900,0
TOMORROW/train/TOMORROW_00901,0
TOMORROW/train/TOMORROW_00902,0
TOMORROW/train/TOMORROW_00903,0
TOMORROW/train/TOMORROW_00904,0
TOMORROW/train/TOMORROW_00905,0
TOMORROW/train/TOMORROW_00906,0
TOMORROW/train/TOMORROW_00907,0
TOMORROW/train/TOMORROW_00908,0
TOMORROW/train/TOMORROW_00909,0
TOMORROW/train/TOMORROW_00910,0
TOMORROW/train/TOMORROW_00911,0
TOMORROW/train/TOMORROW_00912,0
TOMORROW/train/TOMORROW_00913,0
TOMORROW/train/TOMORROW_00914,0
TOMORROW/train/TOMORROW_00915,0
TOMORROW/train/TOMORROW_00916,0
TOMORROW/train/TOMORROW_00917,0
TOMORROW/train/TOMORROW_00918,0
TOMORROW/train/TOMORROW_00919,0
TOMORROW/train/TOMORROW_00920,0
TOMORROW/train/TOMORROW_00921,0
TOMORROW/train/TOMORROW_00922,0
TOMORROW/train/TOMORROW_00923,0
TOMORROW/train/TOMORROW_00924,0
TOMORROW/train/TOMORROW_00925,0
TOMORROW/train/TOMORROW_00926,0
TOMORROW/train/TOMORROW_00927,0
TOMORROW/train/TOMORROW_00928,0
TOMORROW/train/TOMORROW_00929,0
TOMORROW/train/TOMORROW_00930,0
TOMORROW/train/TOMORROW_00931,0
TOMORROW/train/TOMORROW_00932,0
TOMORROW/train/TOMORROW_00933,0
TOMORROW/train/TOMORROW_00934,0
TOMORROW/train/TOMORROW_00935,0
TOMORROW/train/TOMORROW_00936,0
TOMORROW/train/TOMORROW_00937,0
TOMORROW/train/TOMORROW_00938,0
TOMORROW/train/TOMORROW_00939,0
TOMORROW/train/TOMORROW_00940,0
TOMORROW/train/TOMORROW_00941,0
TOMORROW/train/TOMORROW_00942,0
TOMORROW/train/TOMORROW_00943,0
TOMORROW/train/TOMORROW_00944,0
TOMORROW/train/TOMORROW_00945,0
TOMORROW/train/TOMORROW_00946,0
TOMORROW/train/TOMORROW_00947,0
TOMORROW/train/TOMORROW_00948,0
TOMORROW/train/TOMORROW_00949,0
TOMORROW/train/TOMORROW_00950,0
TOMORROW/train/TOMORROW_00951,0
TOMORROW/train/TOMORROW_00952,0
TOMORROW/train/TOMORROW_00953,0
TOMORROW/train/TOMORROW_00954,0
TOMORROW/train/TOMORROW_00955,0
TOMORROW/train/TOMORROW_00956,0
TOMORROW/train/TOMORROW_00957,0
TOMORROW/train/TOMORROW_00958,0
TOMORROW/train/TOMORROW_00959,0
TOMORROW/train/TOMORROW_00960,0
TOMORROW/train/TOMORROW_00961,0
TOMORROW/train/TOMORROW_00962,0
TOMORROW/train/TOMORROW_00963,0
TOMORROW/train/TOMORROW_00964,0
TOMORROW/train/TOMORROW_00965,0
TOMORROW/train/TOMORROW_00966,0
TOMORROW/train/TOMORROW_00967,0
TOMORROW/train/TOMORROW_00968,0
TOMORROW/train/TOMORROW_00969,0
TOMORROW/train/TOMORROW_00970,0
TOMORROW/train/TOMORROW_00971,0
TOMORROW/train/TOMORROW_00972,0
TOMORROW/train/TOMORROW_00973,0
TOMORROW/train/TOMORROW_00974,0
TOMORROW/train/TOMORROW_00975,0
TOMORROW/train/TOMORROW_00976,0
TOMORROW/train/TOMORROW_00977,0
TOMORROW/train/TOMORROW_00978,0
TOMORROW/train/TOMORROW_00979,0
TOMORROW/train/TOMORROW_00980,0
TOMORROW/train/TOMORROW_00981,0
TOMORROW/train/TOMORROW_00982,0
TOMORROW/train/TOMORROW_00983,0
TOMORROW/train/TOMORROW_00984,0
TOMORROW/train/TOMORROW_00985,0
TOMORROW/train/TOMORROW_00986,0
TOMORROW/train/TOMORROW_00987,0
TOMORROW/train/TOMORROW_00988,0
TOMORROW/train/TOMORROW_00989,0
TOMORROW/train/TOMORROW_00990,0
TOMORROW/train/TOMORROW_00991,0
TOMORROW/train/TOMORROW_00992,0
TOMORROW/train/TOMORROW_00993,0
TOMORROW/train/TOMORROW_00994,0
TOMORROW/train/TOMORROW_00995,0
TOMORROW/train/TOMORROW_00996,0
TOMORROW/train/TOMORROW_00997,0
TOMORROW/train/TOMORROW_00998,0
TOMORROW/train/TOMORROW_00999,0
TOMORROW/train/TOMORROW_01000,0
